Lastname,Firstname,IdNumber,Country
Loxston,Wá,398-31-8470,France
Maughan,Médiamass,838-92-6079,France
Izsak,Gösta,878-29-9862,France
Rome,Eliès,348-29-4485,United States
Lecount,Médiamass,597-98-6978,Brazil
Franscioni,Garçon,231-11-3530,Brazil
Elan,Clémentine,870-70-9543,Brazil
Carus,Publicité,807-36-9749,France
Loraine,Gisèle,725-18-4216,Peru
Dilliway,Clélia,259-54-0240,Brazil
Golden of Ireland,Laurène,403-53-1635,Brazil
Jasper,Vérane,198-38-4578,United States
Abercrombie,Ráo,505-93-0212,Peru
Mullen,Liè,525-47-2559,France
Clotworthy,Illustrée,425-59-3560,Argentina
Oger,Maëlann,421-90-4188,Argentina
Bick,Léone,230-25-4993,Brazil
Speake,Cloé,825-91-0907,Brazil
Glanvill,Maëlann,308-70-7714,France
Bernollet,Bérénice,509-54-2135,United States
Gumbley,Loïs,651-24-5893,Brazil
Farr,Méline,530-39-6371,Uruguay
Hubach,Nuó,204-28-8896,United States
Klewi,Alizée,355-22-3639,Brazil
Wickerson,Bérengère,604-47-7128,Brazil
Heisler,Noémie,694-53-4257,Argentina
Feldberger,Maëly,461-42-0422,France
Geering,Valérie,524-54-7928,United States
Pedrollo,Sélène,664-23-6588,United States
Tiley,Régine,885-94-0918,France
Blandford,Régine,515-44-9197,United States
Bloan,Mégane,613-16-3149,Peru
Baldree,Naëlle,108-89-2580,Peru
Penylton,Desirée,877-50-5482,Argentina
Roizn,Loïca,218-84-9492,Brazil
Roddick,Liè,325-47-7341,Argentina
Overell,Cinéma,462-09-0096,Brazil
Digginson,Mélissandre,820-83-3833,Uruguay
Eliasen,Mélodie,851-56-7586,United States
Roswarn,Publicité,690-78-9994,Peru
Raggatt,Simplifiés,573-37-0258,Brazil
Troubridge,Méghane,626-46-8738,Brazil
Pepin,Lèi,128-18-4009,United States
Belford,Françoise,103-39-9082,Brazil
Hradsky,Aloïs,229-59-0876,France
Dafforne,Maëlla,400-36-3425,United States
Ort,Andréanne,892-61-7475,United States
Llewhellin,Agnès,338-81-4533,Peru
O'Hagerty,Uò,506-46-8522,Brazil
Tipens,Marylène,724-02-9875,United States
Haw,Méthode,466-79-6302,France
Kilgallon,Pò,145-82-0407,United States
Ditts,Sòng,328-95-9571,United States
Goldbourn,Bérengère,761-16-2295,Brazil
Slopier,Lyséa,111-06-3953,France
Haig,Mélissandre,802-04-6493,United States
Earle,Joséphine,428-50-4483,United States
Huckerbe,Bécassine,679-78-7413,United States
Scoggins,Lucrèce,677-65-1020,United States
Dicty,Estée,177-04-9084,Brazil
Danford,Joséphine,554-99-1133,France
Beeho,Méryl,445-88-3014,United States
Debow,Ruì,421-98-5699,Chile
Airdrie,Maïlis,180-25-2553,Argentina
Goburn,Adèle,435-23-9229,France
Best,Cécile,237-43-2546,United States
Mardee,Bénédicte,530-83-7284,Argentina
Cowpertwait,Athéna,663-10-8108,Argentina
Akaster,Maéna,447-67-7867,United States
McNae,Lorène,582-62-9393,Argentina
Merrisson,Marlène,145-66-9103,United States
Cordel,Mégane,665-81-7827,Peru
Linsay,Marie-françoise,535-57-0398,Brazil
Leatt,Marie-ève,295-81-9852,Argentina
Keems,Aimée,864-46-2960,Brazil
Froude,Méng,802-07-5688,Brazil
Adelman,Léane,407-50-6880,France
Cristou,Lài,782-76-3431,France
Woolbrook,Zhì,872-03-0046,Uruguay
Maddigan,Célestine,568-07-1744,Argentina
Fredi,Véronique,524-21-8721,United States
Warrington,Lyséa,554-94-1362,France
Howsego,Mårten,451-99-5074,Argentina
Bloxsom,Maëlla,101-80-6809,Brazil
Chatenier,Liè,823-73-8090,United States
Younghusband,Mégane,860-27-4172,Peru
Dowling,Maïwenn,330-82-7676,Argentina
Botham,Michèle,125-26-3800,Peru
Lindwasser,Mélissandre,400-90-1153,France
Poytress,Görel,798-59-6194,France
MacIntosh,Michèle,893-82-7957,France
Key,Eliès,428-40-6983,United States
Jobbing,Anaïs,460-16-7532,United Kingdom
Dyzart,Maïwenn,268-85-2186,Peru
Castagneri,Marie-josée,110-92-9432,Brazil
Cundict,Pål,839-19-7889,Argentina
Joanic,Salomé,613-18-9460,Peru
Cammish,Estève,343-45-7162,Brazil
Argontt,Lorène,699-34-9097,Brazil
Daoust,Dorothée,664-79-3742,France