nome,email,country
Tony,tscraney0@usgs.gov,Russia
Rana,rtarte1@wp.com,France
Renate,reisig2@bbb.org,Russia
Matthiew,misard3@paginegialle.it,China
Adriena,asends4@disqus.com,France
Skippy,smartell5@zimbio.com,Finland
Stearn,sgilyott6@dell.com,China
Jan,jurwin7@pen.io,Portugal
Valerie,vharkins8@oracle.com,China
Gwen,geldritt9@oracle.com,Czech Republic
Ginger,grawlina@lulu.com,Brazil
Constantino,cbouchierb@arizona.edu,China
Teri,tblofieldc@nymag.com,Pakistan
Gleda,gbiglandd@sina.com.cn,Portugal
Jacquette,jclinee@tiny.cc,Iran
Carline,cwidocksf@sogou.com,Bangladesh
Estevan,eskevingtong@networkadvertising.org,China
Wilhelm,wchorltonh@yahoo.co.jp,United States
Jolynn,jpetchelli@scribd.com,Iran
Delaney,dcantrellj@ameblo.jp,Switzerland
Eduino,ehadcockk@studiopress.com,Indonesia
Jewelle,jcoffeltl@stumbleupon.com,Portugal
Keslie,kisseleem@flickr.com,Bulgaria
Waylen,weastamn@parallels.com,Saudi Arabia
Marrilee,mkingsmillo@huffingtonpost.com,Russia
Lyell,lyeldingp@java.com,Zambia
Barbaraanne,bkhadirq@youtube.com,Russia
Eimile,eglassardr@meetup.com,Russia
Roth,rspurdenss@163.com,Benin
Christin,cyuryichevt@ucsd.edu,Philippines
Dewie,dfrillu@i2i.jp,United States
Francklin,fandreasenv@dyndns.org,United States
Hayley,hscrippsw@latimes.com,Sweden
Case,calywinx@sphinn.com,China
Leilah,lciottoiy@si.edu,China
Erda,ebramez@nymag.com,Iran
Malissa,mbarthelme10@earthlink.net,China
Prent,pgarroch11@mac.com,Russia
Juditha,jnorridge12@imdb.com,Slovenia
Kerby,kcanada13@amazon.co.uk,Indonesia
Kristoforo,kogready14@wired.com,Philippines
Brocky,bgyles15@webeden.co.uk,South Africa
Milly,mwhipp16@smugmug.com,Slovenia
Tristam,trobillard17@com.com,United States
Jaquenetta,jsowman18@nsw.gov.au,Czech Republic
Erminia,emorfett19@fastcompany.com,Sweden
Tillie,teversfield1a@plala.or.jp,Indonesia
Beale,bbarnsdall1b@ed.gov,Netherlands
Cordi,cwaterman1c@answers.com,China
Dotti,draubenheimers1d@unesco.org,Indonesia
Gav,gzebedee1e@businessweek.com,Iran
Anthiathia,acroizier1f@cnn.com,Indonesia
Winona,wferencowicz1g@illinois.edu,Indonesia
Clementia,cselbach1h@a8.net,China
Agathe,ahoyles1i@zdnet.com,Spain
Minnnie,mfeldmann1j@networksolutions.com,Portugal
Hodge,hgrogono1k@yahoo.co.jp,Panama
Arabela,atuckerman1l@whitehouse.gov,Venezuela
Susi,sbuzine1m@istockphoto.com,Ireland
Meghann,mcarlet1n@bloomberg.com,France
Carmelle,cessex1o@friendfeed.com,France
Susannah,spartleton1p@qq.com,Philippines
Haley,hlebbon1q@shareasale.com,Poland
Tedmund,tboffey1r@liveinternet.ru,Indonesia
Virgil,vmisk1s@google.com,China
Briant,bfaunt1t@wufoo.com,Armenia
Montague,mwastie1u@tuttocitta.it,Netherlands
Melisa,mgrunguer1v@creativecommons.org,Portugal
Miner,mvideneev1w@hp.com,El Salvador
Ginnifer,glanegran1x@imageshack.us,China
Drud,dohartagan1y@creativecommons.org,China
Denna,dcargon1z@businessweek.com,Poland
Reta,rpawel20@walmart.com,Philippines
Virgil,vdimeloe21@chicagotribune.com,Liechtenstein
Hodgex,habeau22@indiegogo.com,Czech Republic
Shirlee,scowerd23@netvibes.com,Brazil
Mariellen,mvasyunichev24@nhs.uk,Indonesia
Edin,escammell25@360.cn,Mexico
Vernon,vdesorts26@ifeng.com,Armenia
Sayre,srapa27@privacy.gov.au,Uganda
Adrien,acasper28@mediafire.com,Canada
Idell,ieverit29@spotify.com,China
Corette,clowdyane2a@washingtonpost.com,Bahrain
Bruce,bnottingham2b@accuweather.com,Poland
Velma,vmyford2c@myspace.com,Russia
Louisette,losichev2d@mozilla.com,Indonesia
Sarene,smussett2e@smh.com.au,Peru
Doralia,dbrugmann2f@bloglines.com,Russia
Bernie,bminghi2g@i2i.jp,Brazil
Cordelie,cgerald2h@facebook.com,Poland
Anna,aphizaclea2i@ucla.edu,Luxembourg
Shalna,sgethings2j@google.ca,Mexico
Eleni,eruecastle2k@google.com.hk,China
Annabell,araymond2l@squarespace.com,Iran
Virgilio,vmckleod2m@admin.ch,Serbia
Ricardo,rpyrton2n@wordpress.com,Netherlands
Robyn,roris2o@networkadvertising.org,France
Chen,cvanderkruijs2p@umich.edu,Indonesia
Hewe,hfrantzeni2q@opensource.org,Sudan
Candide,cspyvye2r@multiply.com,China
